<?xml version="1.0" encoding="UTF-8"?>
<beans xmlns="http://www.springframework.org/schema/beans"
       xmlns:mvc="http://www.springframework.org/schema/mvc"
       xmlns:context="http://www.springframework.org/schema/context"
       xmlns:xsi="http://www.w3.org/2001/XMLSchema-instance"
       xsi:schemaLocation="
        http://www.springframework.org/schema/beans
        http://www.springframework.org/schema/beans/spring-beans.xsd
        http://www.springframework.org/schema/mvc
        http://www.springframework.org/schema/mvc/spring-mvc.xsd
        http://www.springframework.org/schema/context
        http://www.springframework.org/schema/context/spring-context.xsd">

    <!-- 开启注解扫描 -->
    <context:component-scan base-package="cn.itcast"/>

    <!-- 视图解析器对象 -->
    <bean id="internalResourceViewResolver" class="org.springframework.web.servlet.view.InternalResourceViewResolver">
        <property name="prefix" value="/WEB-INF/pages/"/>
        <property name="suffix" value=".jsp"/>
    </bean>

    <!--前端控制器，哪些静态资源不拦截-->
    <mvc:resources location="/css/" mapping="/css/**"/>
    <mvc:resources location="/images/" mapping="/images/**"/>
    <mvc:resources location="/js/" mapping="/js/**"/>

    <!--配置拦截器-->
    <mvc:interceptors>
        <!--配置拦截器-->
        <mvc:interceptor>
            <!--要拦截的具体的方法-->
            <mvc:mapping path="/user/*"/>
            <!--不要拦截的方法
            <mvc:exclude-mapping path=""/>
            -->
            <!--配置拦截器对象-->
            <bean class="cn.itcast.controller.cn.itcast.interceptor.MyInterceptor1" />
        </mvc:interceptor>

        <!--配置第二个拦截器-->
        <mvc:interceptor>
            <!--要拦截的具体的方法-->
            <mvc:mapping path="/**"/>
            <!--不要拦截的方法
            <mvc:exclude-mapping path=""/>
            -->
            <!--配置拦截器对象-->
            <bean class="cn.itcast.controller.cn.itcast.interceptor.MyInterceptor2" />
        </mvc:interceptor>
    </mvc:interceptors>

    <!-- 开启SpringMVC框架注解的支持 -->
    <mvc:annotation-driven />

</beans>